Feature,Weight
"[-2.71958551 -0.18787829  0.14395886 -1.63272893 -0.14481886  0.99969762
  0.06832457  0.65318252 -0.12278021 -0.29332055  1.20953195  1.49368388]",Gryffindor
"[-1.31483389 -0.03936978 -0.10997739  1.52287903 -1.94571634  0.07624546
 -1.52267907 -1.08083557  1.16686136 -0.68446483  0.78781002 -0.49488143]",Hufflepuff
"[-1.58500356  0.11442944  0.51779336  0.83560717  1.88532703  0.6963889
  0.72495586  0.98014753  0.34928461  0.12807495  2.76343944  0.73431733]",Ravenclaw
"[-2.94586252 -0.06847523  0.33424075 -0.47052504  0.98408407 -1.85125513
 -0.6995692  -0.27599159  0.56761334  0.70287781  0.64514256  0.08508777]",Slytherin
